"quimera","jira"
"3287","IAF-6"
"3288","IAF-12"
"3289","IAF-13"
"3290","IAF-14"
"3291","IAF-15"
"3292","IAF-16"
"3293","IAF-17"
"3294","IAF-18"
"3295","IAF-19"
"3296","IAF-20"
"3297","IAF-22"
"3298","IAF-23"
"3299","IAF-24"
"3300","IAF-25"
"3301","IAF-26"
"3302","IAF-28"
"3303","IAF-29"
"3304","IAF-30"
"3305","IAF-31"
"3306","IAF-36"
"3327","IAF-67"
"3328","IAF-69"
"3329","IAF-71"
"3330","IAF-72"
"3331","IAF-73"
"3332","IAF-74"
"3333","IAF-75"
"3334","IAF-76"
"3335","IAF-77"
"3336","IAF-78"
"3337","IAF-79"
"3338","IAF-81"
"3339","IAF-82"
"3340","IAF-83"
"3341","IAF-84"
"3342","IAF-85"
"3343","IAF-86"
"3344","IAF-89"
"3345","IAF-90"
"3346","IAF-91"
"3347","IAF-92"
"3348","IAF-93"
"3349","IAF-94"
"3350","IAF-95"
"3351","IAF-96"
"3352","IAF-97"
"3353","IAF-98"
"3354","IAF-99"
"3355","IAF-101"
"3356","IAF-102"
"3357","IAF-103"
"3358","IAF-109"
"3359","IAF-110"
"3360","IAF-111"
"3361","IAF-112"
"3362","IAF-113"
"3363","IAF-114"
"3364","IAF-115"
"3365","IAF-116"
"3366","IAF-117"
"3367","IAF-118"
"3368","IAF-119"
"3369","IAF-120"
"3370","IAF-121"
"3371","IAF-122"
"3372","IAF-123"
"3373","IAF-125"
"3374","IAF-128"
"3375","IAF-129"
"3376","IAF-130"
"3377","IAF-131"
"3378","IAF-132"
"3379","IAF-133"
"3380","IAF-134"
"3381","IAF-136"
"3382","IAF-137"
"3383","IAF-138"
"3384","IAF-139"
"3385","IAF-140"
"3386","IAF-145"
"3387","IAF-146"
"3388","IAF-147"
"3389","IAF-148"
"3390","IAF-149"
"3391","IAF-150"
"3392","IAF-151"
"3393","IAF-152"
"3394","IAF-153"
"3395","IAF-154"
"3396","IAF-155"
"3397","IAF-156"
"3398","IAF-157"
"3399","IAF-158"
"3400","IAF-159"
"3401","IAF-160"
"3402","IAF-161"
"3403","IAF-162"
"3404","IAF-163"
"3405","IAF-164"
"3406","IAF-165"
"3407","IAF-166"
"3408","IAF-167"
"3409","IAF-168"
"3410","IAF-169"
"3411","IAF-171"
"3412","IAF-172"
"3413","IAF-173"
"3414","IAF-174"
"3415","IAF-176"
"3416","IAF-177"
"3417","IAF-178"
"3418","IAF-181"
"3419","IAF-182"
"3420","IAF-183"
"3421","IAF-184"
"3422","IAF-185"
"3423","IAF-186"
"3424","IAF-187"
"3425","IAF-188"
"3426","IAF-189"
"3427","IAF-192"
"3428","IAF-194"
"3429","IAF-196"
"3430","IAF-198"
"3431","IAF-200"
"3432","IAF-203"
"3433","IAF-204"
"3434","IAF-205"
"3435","IAF-206"
"3436","IAF-207"
